model,accuracy,f1_macro,f1_weighted,precision_macro,recall_macro
xgboost,0.9386331938633193,0.6562910164708882,0.9367487109663201,0.6467544194935498,0.7095182325240692
