Model,Accuracy,F1-Macro,F1-Weighted,Precision-Macro,Recall-Macro
SGD (Baseline),0.9693165969316596,0.8311098584550742,0.9652189523349844,0.8592133021678985,0.8231630129490052
XGBoost (Balanced),0.9386331938633192,0.6562910164708882,0.93674871096632,0.6467544194935498,0.7095182325240692
