{
  "phase": "2.3",
  "timestamp": "2026-03-10T16:16:32.524992",
  "metrics": {
    "intra_class_similarity": {
      "value": 0.21241476563963949,
      "threshold": 0.35,
      "passed": false
    },
    "inter_class_similarity": {
      "value": 0.014370606280863285,
      "threshold": 0.15,
      "passed": true
    },
    "outlier_rate": {
      "value": 2.005387608500449,
      "threshold": 10.0,
      "passed": true
    }
  },
  "embedding_stats": {
    "total_train_samples": 3341,
    "total_val_samples": 716,
    "total_test_samples": 717,
    "embedding_dimension": 5000,
    "num_unique_intents": 41
  },
  "intra_class_by_intent": {
    "0": 0.3887191116809845,
    "1": 0.24388617277145386,
    "2": 0.36357685923576355,
    "3": 0.38377389311790466,
    "4": 0.20829367637634277,
    "5": 0.0,
    "6": 0.24281089007854462,
    "7": 0.060049157589673996,
    "8": 0.2623303532600403,
    "9": 0.0541394017636776,
    "10": 0.13476373255252838,
    "11": 0.4092811942100525,
    "12": 0.8494514226913452,
    "13": 0.4148613512516022,
    "14": 0.7760345339775085,
    "15": 0.6449539661407471,
    "16": 0.06065895035862923,
    "17": 0.0,
    "18": 0.08031260967254639,
    "19": 0.33503469824790955,
    "20": 0.12765242159366608,
    "21": 0.2763454020023346,
    "23": 0.122525155544281,
    "24": 0.1097147986292839,
    "26": 0.0818401351571083,
    "28": 0.08557634055614471,
    "29": 0.07569924741983414,
    "30": 0.09668545424938202,
    "31": 0.158108189702034,
    "33": 0.06957438588142395,
    "34": 0.14279119670391083,
    "35": 0.0480361133813858,
    "36": 0.4182022511959076,
    "37": 0.1061747744679451,
    "38": 0.09852468967437744,
    "39": 0.11650193482637405,
    "40": 0.15598557889461517,
    "42": 0.05452877655625343,
    "43": 0.19701604545116425,
    "44": 0.236466184258461,
    "45": 0.01812434010207653
  },
  "outlier_indices": [
    1,
    51,
    90,
    210,
    230,
    256,
    343,
    364,
    449,
    458,
    462,
    488,
    577,
    584,
    589,
    605,
    774,
    811,
    882,
    891,
    913,
    947,
    985,
    1117,
    1119,
    1126,
    1143,
    1164,
    1300,
    1315,
    1318,
    1340,
    1367,
    1369,
    1439,
    1508,
    1575,
    1600,
    1634,
    1662,
    1673,
    1681,
    1696,
    1704,
    1755,
    1821,
    1838,
    1851,
    1852,
    1903,
    2022,
    2023,
    2066,
    2081,
    2084,
    2217,
    2239,
    2375,
    2652,
    2684,
    2750,
    2802,
    2835,
    3014,
    3033,
    3126,
    3201
  ],
  "overall_validation_passed": false,
  "files_created": [
    "data/embeddings/tsne_results.pkl",
    "logs/p2.3_validation_report.json"
  ]
}